annual_income,spending_score,website_visits,app_sessions,avg_order_value,orders_per_month,return_rate,loyalty_years,region,membership
2377900,60,17,25,7167.19,11,0.13,4.6,North,Silver
1328435,77,15,19,12314.62,6,0.16,6.5,North,Silver
1572299,82,18,23,3477.19,6,0.2,3.8,South,Platinum
1105309,56,15,20,4885.06,6,0.23,4.4,South,Gold
272884,9,10,15,6754.48,9,0.19,0.3,East,Silver
921471,69,12,22,4295.83,6,0.02,9.4,North,Platinum
895299,62,16,18,7081.42,10,0.14,11.6,South,Gold
454557,64,10,19,441.07,8,0.02,9.2,West,Gold
2413658,22,15,14,3419.16,3,0.05,6.2,West,Gold
1860807,32,11,19,12538.53,7,0.04,9.9,West,Gold
1701776,47,13,17,6378.18,0,0.06,10.3,West,Silver
892669,2,12,21,9655.16,2,0.33,6.5,North,Silver
1989716,85,15,24,3714.63,3,0.25,11.2,North,Platinum
1168170,92,11,21,9853.22,6,0.2,0.4,East,Silver
594283,52,13,18,14999.62,5,0.29,0.1,North,Silver
272445,88,9,15,9050.73,6,0.38,1.0,South,Gold
383863,88,9,17,9536.87,3,0.17,0.7,East,Silver
1405773,14,9,16,1939.34,6,0.15,5.1,North,Gold
2088717,37,11,28,6229.71,4,0.39,11.3,North,Silver
503204,27,7,21,12952.66,5,0.31,8.1,South,Silver
1939520,24,18,18,12563.8,7,0.31,7.9,South,Platinum
1935538,64,9,17,7979.27,8,0.24,4.6,South,Gold
2149033,70,12,15,13580.78,5,0.2,6.4,West,Silver
1756887,26,5,20,2401.17,4,0.22,3.7,North,Silver
1791763,54,17,23,9975.38,8,0.26,6.2,North,Gold
400660,15,10,23,3958.59,7,0.15,9.0,North,Platinum
2215490,29,23,16,9789.75,2,0.31,6.7,East,Gold
1915949,100,12,13,1584.78,3,0.36,5.0,East,Gold
2284451,74,16,19,14171.05,7,0.23,10.1,East,Silver
1613744,28,8,15,11859.08,4,0.15,3.4,East,Gold
2202574,59,14,22,3254.14,6,0.28,5.8,East,Silver
724966,73,6,19,9667.97,8,0.07,11.7,South,Gold
1765955,21,10,24,11459.44,4,0.39,11.6,East,Silver
885712,10,5,26,3378.85,2,0.26,0.1,North,Gold
1032229,4,12,19,1671.96,8,0.03,6.4,West,Silver
863819,62,15,28,5471.16,9,0.21,4.0,North,Silver
1549614,4,14,15,2295.59,2,0.3,3.5,North,Silver
1608922,6,17,21,8615.96,2,0.11,7.2,South,Silver
1589483,90,11,22,6534.49,6,0.02,5.4,West,Silver
270442,80,11,17,7097.64,3,0.2,8.8,North,Platinum
207898,72,13,19,8280.09,8,0.33,0.3,South,Gold
2199964,92,13,20,14736.17,4,0.1,11.1,West,Gold
582762,16,18,23,11951.74,4,0.29,6.8,West,Gold
1618114,38,10,23,9553.23,8,0.16,8.2,South,Silver
966876,49,6,19,5646.47,5,0.02,7.3,East,Platinum
1790306,61,13,14,697.92,2,0.12,11.9,South,Platinum
1762057,65,12,27,2012.96,6,0.13,11.8,South,Silver
1762070,83,11,23,11043.75,3,0.36,7.3,East,Platinum
2426086,50,11,18,5727.3,10,0.39,8.2,South,Silver
1682712,17,8,12,5216.23,6,0.08,7.4,South,Silver
1370327,28,21,28,13367.98,5,0.17,3.7,South,Silver
700499,44,14,17,7422.28,6,0.39,2.3,North,Platinum
2031273,12,9,18,13523.78,3,0.16,4.8,South,Gold
1289739,70,8,23,13333.59,10,0.14,8.2,South,Gold
2193873,71,7,22,1478.66,2,0.04,0.7,West,Silver
1775355,72,11,15,14196.84,2,0.3,6.2,West,Silver
1073174,3,13,22,1431.24,4,0.18,4.9,West,Platinum
1307958,49,11,14,14463.54,6,0.26,6.3,South,Silver
2114472,21,10,18,6953.44,4,0.2,10.3,East,Silver
2374248,8,9,24,11484.65,2,0.07,0.6,South,Silver
1255587,64,17,24,10680.32,7,0.07,9.2,North,Silver
2210598,92,13,26,7921.88,5,0.38,8.0,North,Gold
1908798,59,18,20,9405.99,9,0.36,2.4,North,Gold
2073126,30,11,17,14263.8,5,0.24,8.8,North,Silver
455178,32,13,17,13932.07,8,0.0,6.0,South,Silver
1050281,75,12,20,9918.59,9,0.17,5.8,West,Silver
1195722,20,8,16,9968.46,7,0.21,5.8,South,Silver
2473527,16,9,14,3930.0,3,0.18,11.4,South,Gold
2420945,25,12,20,12480.77,5,0.37,11.3,South,Silver
1618635,60,12,23,9599.27,5,0.02,11.0,South,Silver
215096,45,19,18,12445.86,4,0.26,10.6,East,Silver
528035,9,15,18,9970.43,4,0.13,0.5,West,Silver
1657492,51,11,20,4700.0,4,0.22,4.8,West,Gold
1567582,61,9,25,3085.38,5,0.26,10.7,North,Silver
2191276,40,9,22,1431.4,11,0.18,9.1,South,Gold
297186,61,12,20,8914.13,4,0.06,5.5,North,Silver
508762,67,10,20,4475.55,4,0.21,9.3,West,Gold
328081,80,9,25,9568.49,4,0.37,2.5,West,Platinum
2120552,76,11,18,1162.25,4,0.21,7.2,North,Silver
346451,15,12,24,5822.25,5,0.05,6.4,West,Platinum
778886,53,13,24,4130.13,2,0.33,6.9,West,Gold
702550,4,18,21,5743.91,6,0.09,8.7,East,Silver
2266463,23,13,15,1097.97,12,0.15,11.4,South,Gold
1511664,27,7,19,10945.47,6,0.17,3.2,South,Silver
1550162,37,16,17,2015.45,6,0.14,9.1,West,Platinum
458153,77,15,17,511.72,7,0.16,7.7,West,Silver
1423137,43,8,20,14210.45,6,0.32,8.3,East,Gold
1949197,37,10,16,3135.28,6,0.09,5.1,North,Platinum
2259579,85,14,23,12472.5,4,0.19,11.3,East,Silver
663920,29,11,20,14477.72,7,0.01,5.8,East,Silver
888014,29,11,15,8151.58,4,0.2,1.5,North,Gold
401599,49,14,20,8033.94,6,0.04,8.2,West,Gold
1518866,75,15,18,5701.03,4,0.11,1.5,South,Gold
1360764,51,20,15,6556.24,4,0.13,3.9,East,Gold
1712618,50,11,23,7386.51,7,0.03,2.7,East,Silver
1961486,28,9,23,2535.79,2,0.14,6.5,South,Gold
1722172,74,14,23,5661.63,2,0.2,4.2,East,Silver
1772040,5,8,24,12296.79,10,0.17,1.9,North,Silver
1998354,56,13,23,2981.25,6,0.11,9.5,South,Gold
568599,64,16,24,11028.84,4,0.12,5.6,South,Silver
1241597,89,14,19,9878.32,4,0.25,5.5,North,Silver
1606101,97,11,16,1142.28,3,0.29,10.6,North,Silver
431948,17,15,15,629.7,2,0.23,6.5,South,Gold
1427697,97,10,24,5482.17,2,0.39,8.5,North,Silver
568499,89,16,24,10474.9,6,0.38,3.9,East,Silver
1203438,97,23,25,5157.14,3,0.04,6.7,West,Silver
1344173,55,12,13,10115.68,3,0.1,8.7,East,Silver
406691,9,12,22,10082.23,0,0.35,3.6,North,Silver
874451,91,14,24,12156.35,7,0.01,8.3,East,Silver
2176013,89,21,19,1762.44,4,0.24,6.8,West,Gold
1526597,68,9,23,8783.79,5,0.38,5.2,West,Silver
1152085,73,15,20,1218.71,3,0.27,8.6,West,Gold
732639,79,11,13,2886.42,4,0.04,3.8,North,Silver
608864,16,8,25,5084.86,5,0.3,8.6,North,Silver
1568268,16,12,18,10698.62,3,0.15,6.6,North,Silver
309538,13,10,21,14616.01,3,0.37,2.9,West,Gold
1603717,78,7,26,5335.06,4,0.11,8.0,North,Gold
2491047,86,13,22,7960.82,5,0.19,10.6,South,Gold
1490085,85,12,20,4108.12,5,0.3,3.7,East,Silver
2272975,73,14,15,10229.7,2,0.1,9.7,East,Gold
1161984,63,12,14,5688.81,4,0.07,4.0,South,Silver
2247057,41,16,20,7379.46,6,0.0,9.9,North,Silver
1479757,53,18,18,8646.85,6,0.2,0.6,East,Silver
286967,68,19,24,10387.76,10,0.37,0.1,West,Silver
352996,74,10,23,1182.76,3,0.11,1.4,East,Gold
759152,99,6,15,8457.05,6,0.02,10.5,East,Silver
1523213,9,12,21,6638.11,5,0.25,6.4,East,Gold
205337,51,12,20,2266.35,5,0.02,7.1,North,Silver
1311857,48,11,20,3358.14,5,0.2,10.1,South,Silver
438913,80,19,21,13293.18,1,0.15,0.6,East,Platinum
1448966,49,6,29,13115.11,9,0.19,4.6,West,Gold
934694,18,9,17,789.95,6,0.07,7.7,East,Gold
1530604,10,5,14,10434.2,2,0.04,4.9,North,Silver
2306226,85,14,18,8446.55,2,0.3,0.4,North,Silver
2324059,54,11,19,14115.29,10,0.1,7.8,West,Silver
1467173,79,15,21,13647.68,6,0.32,4.7,East,Platinum
566867,15,12,20,8819.56,4,0.3,0.2,East,Silver
732912,11,10,21,2342.64,3,0.08,2.0,West,Gold
455160,40,14,16,7059.28,7,0.36,2.6,South,Platinum
2438679,47,15,16,10959.92,7,0.06,6.1,North,Platinum
1390842,20,11,13,14290.53,9,0.32,2.2,South,Platinum
2056630,98,10,16,5648.29,7,0.17,4.3,South,Gold
1168473,22,10,24,11834.67,6,0.07,9.0,East,Silver
273106,48,6,30,10345.11,5,0.38,9.7,West,Platinum
1270063,82,12,25,1450.9,5,0.39,9.5,North,Platinum
200617,16,16,28,8502.26,5,0.2,8.3,South,Gold
587529,5,11,23,2997.58,4,0.19,6.5,South,Silver
1355389,65,12,22,10348.17,5,0.36,6.6,East,Silver
1885885,83,15,22,9268.25,6,0.24,11.4,East,Silver
861645,74,13,28,14603.81,8,0.11,10.5,East,Silver
757512,21,15,19,14050.13,5,0.17,7.8,West,Gold
2223306,61,5,22,437.78,2,0.33,5.6,North,Gold
1573159,77,15,25,1476.43,3,0.34,8.7,North,Gold
2217547,55,7,20,11606.27,5,0.38,0.8,East,Silver
1875042,24,15,18,10378.95,5,0.12,11.3,South,Gold
1581229,23,12,16,12073.9,3,0.27,6.6,East,Platinum
936415,87,7,31,4222.18,5,0.03,6.0,East,Gold
1688909,11,11,23,12785.04,3,0.29,3.5,West,Gold
1495339,47,16,22,6803.57,10,0.23,0.0,East,Gold
1763328,2,14,20,4150.05,6,0.1,0.7,North,Gold
512362,70,9,14,455.93,3,0.26,3.2,East,Platinum
461312,53,14,18,13109.05,3,0.05,6.5,North,Silver
2203564,11,11,17,8169.55,7,0.13,1.0,South,Silver
1553308,15,23,18,14638.12,5,0.16,11.7,North,Silver
213302,73,5,22,10805.82,8,0.31,4.9,North,Gold
1697552,12,15,18,1482.13,5,0.12,3.8,East,Platinum
1776098,36,13,24,8946.41,8,0.02,6.3,North,Silver
1439273,92,10,29,551.73,6,0.07,0.8,North,Silver
2180319,23,11,18,8499.39,6,0.24,10.2,South,Silver
980638,27,8,17,5447.96,8,0.01,5.5,North,Platinum
1843667,88,14,20,9756.45,8,0.32,2.1,North,Silver
1697115,14,13,10,8261.14,6,0.36,1.9,East,Silver
343618,54,15,29,4141.85,5,0.2,4.3,West,Silver
760725,99,13,19,2686.55,3,0.28,6.9,East,Platinum
812277,27,16,27,6249.26,5,0.19,5.0,South,Gold
2147252,21,11,26,14806.49,4,0.12,7.2,East,Gold
1114958,49,5,16,6704.77,5,0.07,8.5,North,Silver
2097682,62,10,20,11307.17,3,0.21,9.0,West,Gold
973913,77,8,15,1137.51,4,0.37,4.8,East,Silver
2293508,72,8,18,5869.33,6,0.36,8.6,East,Gold
422202,44,11,22,8830.75,12,0.37,1.7,South,Gold
895361,44,9,23,11342.59,5,0.39,6.2,North,Gold
2323156,98,10,21,8067.24,8,0.07,0.9,East,Gold
2048178,61,14,25,7874.84,9,0.06,2.9,East,Silver
2139259,42,11,23,11529.43,5,0.17,7.0,West,Silver
675710,23,12,14,4905.33,6,0.28,8.9,South,Gold
479986,73,16,22,1631.97,6,0.18,1.1,North,Gold
1733403,1,10,17,5403.11,0,0.36,2.5,East,Silver
2103716,36,14,18,2637.24,5,0.29,11.9,West,Silver
1376714,55,8,21,14499.38,4,0.25,4.1,East,Gold
1158070,16,25,18,8789.42,2,0.03,3.4,East,Silver
2304888,89,14,20,6865.03,6,0.07,1.0,South,Platinum
1821122,18,9,28,13707.16,5,0.17,8.3,West,Gold
558948,98,12,18,13535.31,4,0.39,6.1,West,Gold
2078483,38,9,24,6410.75,6,0.13,1.9,North,Gold
1817375,67,12,24,13158.49,3,0.25,7.6,East,Gold
2151896,20,14,26,1241.18,10,0.4,6.3,West,Silver
2316500,19,9,16,13320.07,6,0.11,6.8,East,Silver
256057,13,11,23,4865.58,5,0.07,11.9,East,Gold
1624079,17,6,16,8607.3,6,0.22,0.3,North,Gold
1366191,78,14,15,4264.42,4,0.22,11.0,North,Silver
1179712,30,9,21,14776.55,5,0.37,10.1,West,Gold
618070,86,6,17,1355.17,3,0.01,5.0,East,Silver
1220266,43,17,25,6870.24,5,0.16,10.6,West,Silver
1528752,48,14,26,9428.53,4,0.12,7.8,East,Silver
2032110,43,8,18,9349.5,3,0.23,10.7,West,Silver
1408920,93,10,21,11159.75,6,0.0,7.1,West,Gold
569798,66,21,28,10948.91,4,0.28,2.6,East,Silver
1560742,53,10,21,11959.2,3,0.19,6.9,South,Silver
768525,72,11,18,3744.02,5,0.28,2.1,North,Gold
1177154,78,14,19,5746.45,4,0.18,1.7,East,Platinum
2237093,34,11,24,5915.89,1,0.19,7.8,West,Silver
1457448,77,16,18,14350.84,3,0.36,11.4,South,Gold
1294880,74,12,22,6316.88,5,0.08,7.1,West,Silver
1784683,72,16,22,3561.48,6,0.09,9.5,South,Silver
1255075,71,12,17,9595.46,3,0.22,2.0,East,Silver
1912698,13,5,22,6580.82,5,0.26,7.9,North,Gold
2131836,90,10,19,3976.18,3,0.14,8.8,West,Gold
874608,56,12,23,10812.49,7,0.21,0.5,South,Silver
1090781,59,8,15,3121.3,5,0.09,1.2,South,Silver
900304,32,16,17,9610.3,4,0.05,9.4,North,Silver
1627385,83,5,18,6628.8,9,0.1,5.3,West,Gold
1510142,79,17,22,4991.76,2,0.37,4.9,East,Gold
1082620,54,15,12,14205.94,2,0.32,11.0,East,Gold
1879806,2,16,15,5068.79,6,0.06,11.9,West,Silver
2310222,37,12,25,5408.36,12,0.02,9.2,North,Silver
1864256,83,14,16,13098.38,2,0.04,9.5,North,Silver
893167,97,15,25,2196.94,6,0.12,2.5,North,Silver
2301778,33,14,13,1888.61,3,0.32,2.3,South,Silver
1297846,1,9,17,4455.8,6,0.13,11.8,South,Platinum
2096513,28,6,20,8997.05,9,0.07,8.3,North,Gold
2299444,17,9,15,5949.21,4,0.16,8.2,West,Gold
578936,57,10,15,9245.75,5,0.05,3.4,East,Silver
1001291,70,14,17,2648.33,5,0.19,10.6,South,Silver
623801,52,11,22,4143.33,2,0.27,0.5,North,Silver
2248423,44,14,24,8607.89,4,0.15,3.3,South,Silver
1883850,84,7,20,3492.09,7,0.07,2.2,South,Silver
1230593,47,10,25,6515.23,5,0.18,8.5,North,Platinum
1720569,13,14,21,8717.92,5,0.3,8.6,West,Gold
2442371,76,9,23,14612.67,6,0.03,6.4,East,Silver
940712,30,10,19,1474.33,5,0.03,0.1,West,Silver
446522,85,14,17,7068.09,3,0.13,10.5,South,Silver
2438997,66,11,21,6125.18,5,0.17,11.5,West,Silver
873241,53,16,22,12416.35,6,0.09,2.4,West,Platinum
259593,18,9,19,13534.37,5,0.01,10.1,East,Gold
2453779,28,10,22,13633.09,5,0.09,11.7,North,Silver
503565,4,11,26,5814.55,9,0.17,3.9,North,Silver
1858336,42,15,20,4778.43,6,0.03,2.2,North,Silver
358404,6,13,22,6902.32,4,0.29,11.7,West,Gold
506732,9,11,22,5356.6,5,0.22,0.7,West,Silver
1339067,20,12,19,10867.11,7,0.17,3.3,East,Silver
2383568,94,12,15,3439.49,6,0.21,8.9,North,Gold
1556878,38,6,12,9982.66,6,0.26,7.4,East,Silver
2212545,68,11,16,13926.72,4,0.4,8.2,East,Gold
2083089,50,14,21,4414.73,6,0.31,8.5,West,Silver
2223066,60,17,23,10250.29,5,0.22,8.2,North,Silver
2365638,13,8,28,2410.35,7,0.31,4.1,South,Silver
384764,99,7,27,2084.34,7,0.19,3.7,South,Silver
2082163,94,11,20,1999.97,2,0.12,5.1,West,Silver
541885,42,15,24,2336.36,9,0.1,9.7,West,Platinum
1113736,68,7,21,3477.62,7,0.16,11.3,West,Silver
881867,25,18,18,8573.61,6,0.0,5.5,West,Silver
207661,31,13,22,11574.69,4,0.07,1.0,South,Gold
367261,12,10,22,2164.8,5,0.05,11.3,North,Silver
1479942,64,14,15,13089.22,3,0.38,1.0,East,Silver
1392139,79,13,15,12687.93,3,0.03,1.9,South,Platinum
2068418,61,8,22,10992.6,8,0.2,10.4,North,Silver
393101,53,9,28,6561.7,4,0.37,6.6,West,Platinum
206504,26,10,17,322.89,5,0.24,4.2,East,Platinum
1604681,61,9,15,11101.04,6,0.2,11.2,North,Platinum
1166710,10,11,23,13221.1,4,0.3,11.5,North,Silver
1212786,12,8,28,5228.71,4,0.14,4.0,East,Silver
2000445,22,15,15,10854.42,4,0.08,10.4,North,Gold
350362,53,12,23,1212.1,4,0.34,8.1,North,Silver
1745152,21,6,21,10729.57,6,0.02,3.3,East,Gold
2037280,35,16,23,1304.14,4,0.32,11.3,East,Gold
337213,71,18,21,8931.64,5,0.04,0.8,South,Platinum
527124,82,12,25,9084.03,5,0.25,3.8,West,Silver
1061129,27,11,12,4741.7,7,0.19,4.8,West,Silver
348192,60,14,24,1463.1,2,0.4,8.3,North,Silver
291477,99,12,34,14255.22,2,0.16,0.5,West,Silver
2100771,47,17,17,8172.99,6,0.38,10.7,South,Silver
837934,66,12,22,8822.44,4,0.16,7.9,North,Gold
385935,96,13,25,9340.81,5,0.27,3.3,West,Gold
2221388,15,9,17,13398.4,2,0.26,7.9,West,Platinum
482098,24,9,20,1185.76,3,0.03,6.4,North,Silver
585468,84,15,22,13431.33,5,0.3,4.0,East,Gold
2141305,10,13,25,3823.24,7,0.08,0.3,South,Gold
1064853,88,20,25,1445.87,6,0.16,6.6,North,Platinum
398812,24,5,21,9961.81,8,0.31,1.0,North,Platinum
2283471,88,15,14,14661.54,2,0.38,9.7,West,Silver
801518,57,14,20,1141.46,4,0.22,1.1,East,Platinum
1419990,34,21,22,6563.99,6,0.21,5.1,West,Silver
1651165,41,9,17,8087.83,7,0.2,5.2,North,Platinum
1522168,40,11,15,4006.15,4,0.33,6.7,North,Gold
1167453,11,8,18,14748.22,7,0.4,0.5,West,Silver
2459434,90,8,21,9722.16,6,0.25,2.4,East,Platinum
618626,1,16,21,12711.95,10,0.15,2.4,North,Silver
1146532,30,10,15,6411.93,9,0.09,7.2,South,Platinum
2496524,43,15,17,5503.15,4,0.08,3.2,East,Gold
2492959,82,8,19,8431.42,4,0.34,1.7,North,Gold
2153380,26,14,15,6698.59,2,0.4,0.2,East,Silver
1387847,53,8,21,10809.74,6,0.28,10.1,East,Silver
227095,47,13,21,4207.53,3,0.38,11.7,South,Platinum
2033633,9,18,16,6908.99,8,0.14,8.4,North,Silver
1367138,9,13,18,13458.45,5,0.25,5.0,East,Gold
1186369,1,14,19,11414.79,3,0.2,1.5,North,Gold
296729,71,7,20,2770.63,6,0.19,5.7,North,Gold
386293,44,11,24,13336.91,2,0.25,5.5,East,Gold
2368272,59,13,27,8958.54,7,0.12,5.0,West,Silver
1077232,56,15,26,10285.52,3,0.26,4.5,East,Silver
1323201,51,10,14,4625.57,4,0.27,6.0,West,Gold
2452909,16,11,13,6790.7,4,0.33,0.9,West,Platinum
789704,38,12,22,12160.14,12,0.29,0.5,West,Gold
1872328,11,8,23,5160.94,5,0.13,0.8,West,Silver
2218842,25,8,22,2726.41,6,0.18,2.4,East,Platinum
829923,93,19,17,5861.08,2,0.05,3.3,West,Gold
1692947,83,12,20,1317.51,8,0.1,2.0,North,Gold
1905463,82,14,21,10852.49,10,0.21,3.0,East,Gold
616918,59,19,18,2471.86,1,0.04,2.2,South,Gold
570553,29,10,24,4491.35,2,0.23,1.8,West,Gold
2031157,80,10,22,13251.89,4,0.16,3.5,East,Gold
1001637,40,18,14,8245.32,8,0.01,4.8,West,Silver
1239426,8,17,23,5023.68,5,0.17,8.9,North,Gold
975217,98,9,13,8350.7,5,0.11,11.5,West,Silver
522351,6,12,19,3508.68,3,0.03,11.0,East,Gold
745282,45,17,17,670.05,6,0.12,5.7,North,Silver
689697,53,12,19,9174.87,5,0.12,5.5,West,Silver
454457,94,11,26,10797.65,8,0.14,1.5,South,Gold
286170,98,12,19,13232.79,4,0.15,11.7,West,Silver
2327721,21,16,19,11646.69,3,0.17,9.1,West,Gold
2130719,57,11,19,13922.16,4,0.04,10.2,North,Silver
1359278,76,13,14,14793.52,3,0.0,2.8,West,Silver
468770,6,12,22,11250.55,2,0.29,4.8,East,Silver
728252,63,12,19,13058.47,1,0.13,1.2,East,Gold
1623514,6,17,16,10203.85,4,0.25,11.3,North,Silver
480202,53,11,21,2812.79,8,0.12,3.4,East,Silver
366232,4,4,24,2971.03,5,0.39,7.2,South,Silver
2444486,9,15,15,1920.81,3,0.13,1.8,West,Silver
693441,69,11,27,14161.73,3,0.24,9.6,North,Platinum
1594467,74,11,25,10189.45,6,0.09,2.2,East,Gold
538371,72,17,24,11911.67,5,0.21,9.7,South,Silver
1017495,87,13,25,5168.01,1,0.23,4.8,South,Silver
2121788,4,13,21,7068.2,5,0.07,6.9,North,Silver
1154040,58,10,28,884.76,2,0.05,3.2,North,Gold
2267091,37,13,26,13368.41,4,0.39,10.6,East,Silver
1540804,71,10,12,12839.15,8,0.36,9.1,West,Gold
2021981,6,10,20,11836.73,1,0.26,4.3,South,Gold
781300,51,13,19,1157.04,7,0.34,7.0,South,Silver
838898,79,16,18,2861.47,6,0.04,1.5,North,Gold
1662406,99,12,15,5212.31,1,0.29,1.9,South,Silver
1712361,50,13,21,4167.02,5,0.11,6.4,North,Silver
408758,96,7,24,12625.36,10,0.22,7.7,West,Silver
1256733,14,7,22,3164.09,7,0.31,6.7,North,Silver
1229921,99,10,22,8122.23,6,0.01,6.7,West,Gold
773030,11,19,19,8699.3,6,0.28,8.9,East,Gold
1475592,10,7,18,6547.67,4,0.17,10.8,North,Platinum
2053259,61,17,29,3838.11,6,0.18,4.7,East,Gold
223349,81,15,17,14416.33,5,0.36,6.4,West,Silver
329417,13,13,7,6376.97,4,0.34,10.7,South,Silver
511322,34,11,18,10991.46,8,0.02,5.6,East,Gold
2015081,60,9,24,3005.48,7,0.25,5.3,North,Silver
405732,51,12,25,12395.32,3,0.17,9.2,North,Silver
287687,5,11,22,3473.61,10,0.05,10.5,East,Silver
263196,74,14,18,10227.01,4,0.34,8.9,East,Silver
708370,32,13,21,7745.49,4,0.03,1.2,East,Silver
232400,12,8,23,2454.39,7,0.01,5.6,North,Silver
715593,52,10,20,666.75,5,0.08,2.5,East,Silver
475680,13,16,21,13982.0,5,0.12,3.8,East,Silver
595916,85,18,29,2147.65,5,0.02,5.6,West,Gold
1191849,54,7,24,10662.79,2,0.26,2.7,East,Gold
2181195,97,15,22,9894.47,3,0.17,6.2,East,Gold
1468374,54,9,12,5323.28,4,0.16,7.7,North,Silver
1663232,41,10,27,3025.13,2,0.06,10.5,North,Gold
757235,48,8,16,2921.43,2,0.18,2.5,South,Silver
535676,51,17,22,8904.32,4,0.16,3.7,North,Platinum
542542,47,11,31,8339.74,1,0.15,4.9,North,Gold
1635110,50,19,18,13176.24,1,0.09,2.7,North,Silver
703311,96,7,24,9708.05,5,0.04,4.0,North,Silver
2124393,76,11,18,12343.34,3,0.1,10.6,East,Gold
978161,46,15,24,776.47,3,0.27,1.7,South,Silver
707432,99,15,17,10163.6,5,0.03,5.3,North,Silver
868284,100,14,29,3735.52,4,0.15,3.7,East,Silver
2044223,38,15,24,4016.73,3,0.21,0.9,North,Silver
1494487,92,14,22,10892.47,0,0.39,1.2,South,Silver
2197992,13,7,19,11963.46,7,0.34,9.4,West,Silver
1502776,76,15,17,5764.51,6,0.37,10.2,West,Gold
630518,22,11,19,11914.13,5,0.33,8.9,South,Silver
430096,2,8,28,6823.05,5,0.24,6.5,East,Gold
497597,93,11,25,12907.39,4,0.34,9.3,East,Gold
2106450,77,18,15,666.09,7,0.23,1.8,South,Silver
364379,99,9,16,1527.38,8,0.14,9.4,West,Platinum
1337542,13,18,12,11712.37,3,0.15,5.1,North,Gold
620991,57,10,24,9474.12,4,0.23,9.0,West,Silver
1681821,34,14,27,8517.6,6,0.32,2.7,North,Gold
920143,19,11,19,9325.49,4,0.05,10.0,South,Platinum
454435,9,15,17,13973.8,5,0.02,6.8,South,Platinum
241988,95,15,17,9936.39,6,0.32,0.1,South,Gold
648668,33,18,25,9817.9,2,0.26,6.2,West,Gold
1903987,27,11,24,11464.22,11,0.33,3.7,South,Silver
1011250,45,9,18,13039.32,5,0.39,0.7,West,Platinum
1643478,2,9,17,4150.11,5,0.1,5.4,East,Silver
308336,79,13,20,9366.21,5,0.08,3.7,North,Silver
2043492,83,15,14,8884.43,3,0.14,2.5,North,Platinum
794399,57,16,23,2282.29,4,0.35,4.2,North,Silver
723931,95,3,23,7948.66,8,0.01,2.2,South,Gold
1859356,57,14,17,1322.39,6,0.0,3.6,North,Silver
851288,16,12,21,3018.91,6,0.09,1.4,South,Gold
1324782,79,19,16,13720.56,7,0.15,1.0,West,Silver
1723674,6,17,26,2052.87,5,0.12,10.9,South,Gold
816764,14,12,17,8810.07,8,0.33,10.8,North,Silver
298941,27,13,21,5055.17,5,0.28,9.9,South,Silver
1039532,38,13,21,8463.11,2,0.34,2.8,South,Gold
323569,19,13,23,3754.11,1,0.15,8.7,West,Silver
1130135,37,10,17,6832.38,6,0.24,7.1,South,Silver
2306055,4,14,21,13049.8,8,0.21,0.6,North,Silver
2127730,58,9,16,5830.39,6,0.19,10.8,South,Silver
2374413,90,12,21,5489.55,4,0.12,12.0,East,Gold
281604,9,8,16,6857.94,6,0.28,8.5,South,Silver
915796,40,13,20,1777.24,4,0.21,2.8,East,Silver
2322595,15,15,22,5994.0,2,0.03,6.7,North,Silver
1363731,4,13,29,401.43,2,0.0,1.3,East,Platinum
2427712,90,9,23,7699.94,2,0.01,3.6,East,Gold
1745679,52,10,19,12764.73,7,0.03,8.6,East,Gold
360620,18,14,15,8415.47,4,0.15,3.6,East,Silver
408721,53,13,20,9233.56,6,0.12,1.8,East,Gold
2282185,59,11,27,749.28,5,0.06,0.1,South,Platinum
1048790,99,14,17,12934.87,4,0.21,6.9,West,Gold
2446384,54,18,17,5959.55,2,0.39,11.6,East,Silver
639421,41,10,25,14630.33,6,0.06,5.8,North,Platinum
678061,60,12,13,2070.84,5,0.1,2.6,North,Silver
507165,93,13,18,14186.68,3,0.18,5.6,South,Silver
2140940,88,15,16,9624.08,5,0.26,7.2,West,Gold
1326250,4,22,17,1069.4,1,0.24,9.6,West,Silver
1537439,85,14,20,14583.98,4,0.21,5.4,East,Silver
1789056,39,8,23,503.93,6,0.29,2.1,North,Platinum
1320388,7,11,15,11041.29,1,0.34,2.3,North,Silver
2324703,23,18,20,13376.09,5,0.4,10.8,South,Gold
320920,85,12,18,2884.43,4,0.19,2.8,East,Platinum
1310020,63,11,15,5347.35,7,0.4,8.7,North,Gold
888484,65,15,24,8550.07,8,0.29,3.2,East,Gold
875489,41,15,12,10293.2,3,0.26,8.6,West,Platinum
589956,89,8,22,13116.58,4,0.26,0.9,East,Gold
2477438,95,20,14,11487.74,8,0.36,2.5,East,Silver
2227758,44,5,18,5640.97,1,0.38,4.9,South,Platinum
646661,45,11,22,12379.28,5,0.07,6.2,South,Silver
1974348,69,15,23,14501.33,9,0.2,4.2,West,Silver
400733,95,14,20,3636.7,5,0.38,6.9,West,Silver
1638782,51,17,33,1389.21,3,0.15,3.9,East,Gold
1952904,65,10,19,6571.31,3,0.09,8.1,North,Platinum
1945976,54,15,14,13256.54,4,0.04,6.1,East,Silver
1823614,56,7,20,2509.29,3,0.24,8.5,West,Silver
2313271,94,5,22,13321.23,4,0.28,5.2,South,Silver
2477004,82,10,14,14885.53,9,0.08,10.5,South,Gold
1405852,72,12,18,1093.83,7,0.27,4.6,West,Silver
1661354,90,7,21,7580.27,5,0.36,3.7,East,Gold
456599,40,9,18,5134.62,5,0.1,6.7,North,Gold
221497,58,12,27,6087.09,2,0.05,6.1,South,Gold
1861547,15,9,16,6939.03,7,0.33,6.2,East,Gold
299456,19,12,21,11173.65,3,0.37,9.6,North,Silver
386056,10,12,15,8992.11,5,0.09,7.1,West,Gold
1767427,88,9,16,14429.66,2,0.29,10.6,East,Silver
857243,16,11,17,5191.64,2,0.24,7.4,North,Silver
478795,43,13,17,8260.11,4,0.1,0.3,East,Silver
1203095,31,14,20,12255.93,4,0.33,10.4,South,Silver
1344557,16,10,24,5783.52,8,0.19,10.1,West,Silver
1490824,80,7,19,7139.9,9,0.28,0.6,South,Silver
2032096,28,13,21,10369.13,10,0.12,1.5,South,Silver
532857,62,11,25,12952.94,8,0.33,6.7,East,Silver
2055477,20,8,14,6410.52,10,0.11,0.5,West,Silver
1429183,35,22,17,8119.67,2,0.15,4.9,East,Silver
1703092,59,16,21,14634.3,7,0.16,11.7,North,Gold
1628258,9,10,28,924.3,6,0.08,2.1,West,Gold
687853,10,17,22,6888.96,6,0.35,2.5,South,Silver
2128531,45,14,20,9648.93,6,0.05,8.1,South,Gold
2385793,82,15,22,423.88,5,0.23,0.5,South,Gold
420075,15,12,19,9072.76,4,0.33,9.8,East,Platinum
1855833,30,17,20,1126.14,4,0.23,2.4,East,Silver
2393996,48,15,23,12906.11,4,0.13,6.4,East,Silver
1941171,96,14,22,12164.17,3,0.31,3.0,West,Gold
387922,40,11,14,774.15,6,0.2,7.9,West,Gold
722005,91,7,18,1017.42,4,0.07,7.0,West,Silver
2016376,91,12,19,11378.12,8,0.13,11.4,West,Platinum
381514,83,11,17,5732.31,4,0.24,5.3,North,Platinum
535641,74,15,13,8752.88,5,0.26,10.5,South,Gold
469330,44,12,14,4273.83,6,0.22,6.9,East,Silver
600722,46,14,14,2842.64,4,0.11,11.0,East,Gold
634242,6,19,26,4652.33,5,0.24,3.5,North,Gold
1246788,24,18,28,3926.69,1,0.13,6.6,South,Platinum
392407,73,11,25,6890.12,2,0.09,4.7,South,Gold
2390285,91,16,19,11276.14,4,0.38,0.8,North,Silver
272306,7,20,17,8445.7,3,0.13,6.9,West,Silver
996325,6,15,26,9254.92,2,0.13,9.5,South,Gold
2453378,33,13,11,7210.16,5,0.36,6.7,West,Gold
289854,85,12,24,5073.58,7,0.06,3.4,North,Gold
643973,38,15,17,2409.58,5,0.23,3.2,East,Platinum
2468979,44,12,11,5512.11,2,0.31,2.9,East,Silver
2179594,17,16,16,10078.42,8,0.11,11.8,East,Silver
1673150,31,17,19,11086.53,4,0.34,4.8,East,Gold
827097,37,11,28,7196.97,3,0.31,3.8,South,Silver
747919,11,13,23,9781.46,3,0.19,5.0,West,Platinum
854472,92,12,16,3394.95,8,0.05,1.4,East,Gold
736196,5,9,22,12942.97,5,0.39,2.4,East,Platinum
2235900,64,15,17,13029.27,3,0.25,6.1,East,Silver
1834580,76,11,17,5008.82,10,0.21,9.6,North,Silver
1279008,3,13,18,8351.37,4,0.35,10.5,South,Gold
1464372,56,10,16,9217.93,3,0.17,10.4,North,Silver
1922540,63,11,16,7244.72,6,0.23,11.3,West,Gold
691340,38,10,18,13693.79,2,0.34,1.5,East,Silver
2142502,54,18,19,11173.84,7,0.16,0.5,South,Gold
938001,2,10,30,10185.9,2,0.31,1.3,South,Silver
979933,90,21,21,7945.37,7,0.1,7.2,South,Gold
1672736,2,9,16,1547.26,5,0.28,6.7,North,Gold
907906,12,17,18,1884.97,9,0.2,8.1,North,Platinum
1928448,40,10,17,4695.43,3,0.07,4.5,North,Silver
1657699,2,13,12,3409.38,4,0.05,4.7,North,Silver
2072932,80,11,16,14302.21,5,0.18,6.5,West,Platinum
1423411,94,21,19,6324.24,4,0.28,0.9,East,Silver
1613836,57,9,30,13186.1,7,0.24,9.6,East,Silver
1658382,47,15,21,12325.77,7,0.34,11.1,North,Platinum
2062900,36,9,23,12244.78,3,0.16,4.6,North,Silver
1004172,4,16,26,3470.9,5,0.34,8.9,North,Silver
376800,75,16,26,6875.63,7,0.01,6.6,West,Silver
2046796,24,16,18,4973.89,8,0.15,2.8,West,Silver
928052,82,13,23,14565.04,3,0.03,0.8,South,Gold
1912087,91,7,20,13188.14,3,0.37,3.0,East,Silver
933456,62,10,26,3973.88,8,0.19,7.3,North,Gold
517818,2,12,23,4908.75,2,0.13,0.5,South,Silver
1972145,15,16,14,8074.97,5,0.2,10.0,East,Platinum
509911,75,16,13,4395.51,5,0.21,11.6,South,Silver
2412889,91,12,30,12420.59,3,0.34,1.0,West,Gold
501788,49,17,25,12342.7,7,0.22,3.0,West,Platinum
711908,87,8,19,10947.8,4,0.17,8.1,South,Gold
601272,35,16,31,10432.86,4,0.38,9.7,South,Silver
2293781,94,13,21,8345.33,4,0.39,4.2,East,Silver
418299,47,10,17,5402.55,5,0.02,6.2,North,Silver
1677305,24,14,21,12603.0,7,0.28,10.7,East,Gold
1251215,83,13,22,12924.83,2,0.15,4.6,East,Silver
811144,60,12,27,1027.79,5,0.27,1.0,West,Gold
2231692,93,17,26,6159.71,7,0.25,11.9,West,Platinum
1058441,77,9,26,691.43,5,0.13,2.2,South,Silver
2415344,48,13,14,12640.32,0,0.39,0.6,West,Silver
1712624,23,14,16,2903.27,4,0.14,4.9,East,Platinum
2165481,12,12,25,10205.84,0,0.25,1.5,South,Silver
1205510,41,10,31,5553.42,3,0.33,11.7,South,Gold
2473300,29,10,23,12296.16,9,0.06,4.6,West,Gold
1894386,70,9,22,7792.4,3,0.12,9.9,North,Silver
1132849,51,6,25,5068.71,5,0.08,2.1,West,Platinum
331469,23,9,22,5060.9,5,0.31,1.7,South,Gold
1787424,31,5,23,5105.83,6,0.32,7.8,South,Silver
613073,21,11,21,11892.11,2,0.1,10.9,North,Silver
2143312,24,9,17,10753.4,6,0.0,1.4,East,Platinum
2469621,72,10,22,4992.45,5,0.17,7.1,South,Gold
893519,9,15,25,7506.06,5,0.27,1.0,North,Silver
1630807,22,20,22,1419.45,4,0.25,9.7,East,Silver
2216842,4,14,18,12464.25,5,0.18,10.9,West,Silver
1977302,77,16,12,4209.54,2,0.12,7.5,North,Platinum
773286,98,15,24,13371.61,4,0.19,8.3,East,Silver
2154300,3,14,17,9072.91,1,0.01,0.7,South,Silver
612264,28,12,23,8646.96,5,0.03,0.9,South,Platinum
1560937,90,12,21,2691.97,6,0.07,2.2,North,Gold
1729076,98,9,13,1322.17,3,0.25,3.3,West,Gold
389692,15,8,16,8423.46,3,0.09,9.1,North,Platinum
2025726,8,8,31,7179.44,3,0.17,5.2,South,Silver
1403533,48,9,12,2059.34,7,0.25,0.9,East,Platinum
2101147,99,11,24,12583.14,10,0.33,10.2,West,Silver
1582551,88,6,15,6433.43,10,0.22,11.9,East,Silver
1158652,52,10,21,4128.73,11,0.07,5.5,North,Silver
1395104,55,18,19,11887.6,4,0.38,6.1,North,Platinum
2246290,37,9,28,13722.04,5,0.04,0.9,East,Silver
462190,4,10,35,4797.65,5,0.15,4.6,East,Silver
528499,55,13,20,11706.46,2,0.37,4.5,East,Silver
1642872,12,8,25,9892.04,6,0.24,11.6,North,Silver
1264506,19,11,11,14849.0,6,0.27,7.9,East,Gold
2377975,79,14,22,3298.69,7,0.12,9.4,South,Gold
2205589,57,11,16,14421.98,8,0.03,1.5,East,Gold
278880,94,20,14,4934.5,5,0.15,5.0,South,Gold
1467202,37,11,22,6355.73,6,0.16,2.3,South,Gold
372827,76,16,14,5574.74,5,0.11,10.3,East,Gold
907840,83,14,21,4246.23,3,0.09,1.8,West,Silver
207293,98,4,18,10490.37,3,0.14,5.3,West,Platinum
2202991,7,10,14,8960.44,2,0.26,0.6,West,Silver
1394347,92,16,22,4793.67,3,0.38,7.6,South,Silver
359506,55,13,18,2243.52,4,0.28,5.8,West,Gold
1827533,28,14,19,4965.42,12,0.31,6.0,West,Platinum
479746,93,12,16,5904.1,7,0.12,1.2,East,Gold
2469010,37,15,21,5895.61,8,0.04,6.2,North,Platinum
1364608,84,11,16,5551.72,3,0.12,6.8,South,Silver
2196569,61,16,18,1016.22,6,0.16,11.6,North,Gold
757193,75,15,17,7121.29,6,0.28,0.4,South,Silver
377996,39,9,27,12592.26,6,0.38,11.1,South,Gold
1786245,23,11,20,2951.38,3,0.32,5.8,West,Silver
1499242,52,11,19,2441.16,5,0.11,2.5,East,Silver
2245509,84,14,23,7236.21,6,0.33,8.0,North,Silver
490274,84,11,23,5747.86,4,0.16,6.2,North,Silver
2477352,11,13,15,8550.83,6,0.07,2.7,West,Silver
284679,66,12,25,14221.99,5,0.18,7.5,North,Silver
2412610,13,8,20,11485.03,8,0.23,5.7,North,Silver
331460,77,8,28,10399.75,7,0.31,8.3,South,Silver
1850516,41,16,21,6414.27,4,0.14,8.3,East,Silver
1399454,49,11,31,4524.19,5,0.06,5.7,East,Silver
264333,15,12,18,8241.88,3,0.04,4.7,North,Silver
960676,56,15,19,13316.02,5,0.04,0.8,North,Silver
1962753,54,12,20,13188.11,10,0.38,5.9,South,Silver
884408,31,12,22,6849.07,4,0.38,2.9,West,Gold
947910,61,14,18,3919.44,6,0.39,0.6,South,Gold
800884,58,16,17,3612.56,5,0.12,4.0,West,Silver
588841,87,12,29,799.63,4,0.08,1.0,West,Gold
1699909,60,12,20,12687.16,1,0.39,7.0,South,Silver
980166,53,7,26,4193.12,8,0.4,6.0,East,Gold
2043217,86,10,22,5577.29,5,0.03,9.5,South,Silver
1826346,61,8,11,12195.48,3,0.3,3.2,West,Gold
1922012,80,8,32,2064.35,4,0.12,4.5,East,Gold
2414610,42,12,18,7080.14,3,0.36,8.3,East,Platinum
1368190,29,13,22,2098.42,6,0.04,11.9,South,Silver
678403,84,14,23,6795.17,7,0.36,10.9,East,Platinum
651698,92,6,27,992.95,6,0.0,6.2,East,Gold
1922015,27,10,19,7909.06,4,0.21,8.1,South,Platinum
1131482,44,12,24,11996.93,1,0.13,6.4,North,Gold
999137,93,18,19,10241.56,5,0.17,5.2,East,Gold
2088840,5,7,17,7784.78,4,0.17,7.2,South,Gold
2108509,52,10,23,12482.75,4,0.26,4.6,South,Gold
1234460,53,18,17,3648.48,9,0.01,3.4,North,Silver
210248,52,10,24,12512.71,4,0.28,8.5,East,Gold
1033420,38,10,20,4362.54,2,0.01,10.5,West,Gold
289169,44,15,17,5628.55,2,0.07,3.5,West,Silver
1867903,53,16,23,2187.92,5,0.24,8.5,East,Gold
737698,2,4,20,1795.79,4,0.03,5.2,East,Silver
2384873,54,20,19,14002.04,5,0.4,3.6,South,Silver
2316285,84,9,14,3092.68,4,0.31,7.5,South,Gold
2124713,77,14,17,5199.45,6,0.28,11.3,West,Gold
2331325,90,14,20,8078.53,6,0.11,4.2,East,Silver
1242270,35,7,21,5413.65,7,0.02,9.1,South,Gold
1259755,46,10,15,13090.96,11,0.39,3.8,West,Gold
2136887,72,7,19,13540.51,3,0.06,9.6,West,Silver
1441534,92,12,29,5092.06,7,0.33,9.1,North,Gold
291975,79,10,22,1652.81,6,0.08,9.2,East,Gold
1975763,55,13,16,3389.33,2,0.15,12.0,North,Silver
2412777,72,11,19,7273.58,2,0.28,1.7,South,Gold
2143584,11,10,20,4540.67,8,0.38,4.7,South,Silver
201755,29,9,11,6966.04,3,0.01,7.6,West,Gold
1901364,69,20,17,11452.94,6,0.1,7.1,South,Gold
2368504,63,10,25,6483.38,5,0.31,9.4,North,Silver
676352,47,18,22,3195.86,7,0.07,0.6,East,Silver
2467708,7,8,18,5562.12,3,0.04,8.5,West,Gold
1963791,64,18,15,11221.82,5,0.02,8.9,West,Gold
1145057,82,12,19,6533.71,0,0.2,0.7,South,Platinum
1922515,64,7,21,3968.21,4,0.31,6.5,West,Silver
344086,92,14,17,6582.95,3,0.38,2.9,West,Silver
2470185,12,12,18,6985.66,6,0.11,9.6,East,Silver
1174005,12,12,22,4656.74,8,0.05,0.6,West,Silver
2487138,36,18,22,14936.57,3,0.16,1.8,East,Silver
581230,29,7,18,11584.1,2,0.02,1.3,North,Platinum
535446,11,8,18,10479.09,3,0.13,0.8,West,Silver
664899,53,17,16,12866.54,4,0.26,7.2,North,Gold
1624137,70,13,27,10096.36,3,0.07,10.4,East,Silver
2475402,85,12,6,11927.41,3,0.25,6.1,West,Gold
2298215,74,15,14,6364.13,4,0.39,2.5,South,Platinum
367115,96,16,23,7655.47,5,0.35,4.1,South,Gold
1374806,47,14,22,990.85,5,0.14,4.3,West,Silver
2034098,33,14,17,4425.5,8,0.17,5.4,East,Silver
1981211,81,13,17,5709.78,6,0.17,5.0,South,Platinum
859429,67,11,22,9494.41,4,0.34,8.1,North,Platinum
2163175,43,14,16,7123.91,5,0.4,4.1,East,Silver
1244369,18,10,25,9235.22,8,0.33,8.0,East,Gold
870964,74,14,25,10785.91,4,0.22,6.6,West,Gold
2311764,53,19,25,927.96,2,0.04,0.6,North,Gold
376173,39,11,22,4096.68,6,0.38,11.0,East,Platinum
1838745,72,9,25,2812.29,3,0.34,2.1,West,Silver
678078,34,6,24,3055.59,5,0.34,5.4,North,Gold
1102196,37,14,21,7695.94,4,0.16,11.4,East,Silver
1121274,41,8,14,11177.69,4,0.18,3.0,South,Gold
2079129,97,13,21,4309.82,7,0.05,0.3,North,Silver
2371112,49,8,17,12419.4,2,0.38,5.9,East,Gold
2309142,10,10,16,13419.11,8,0.38,2.7,North,Silver
2239664,40,15,28,5452.85,6,0.1,7.0,South,Silver
1342834,18,14,20,10315.94,8,0.28,9.8,East,Gold
506803,25,22,19,2020.62,4,0.08,6.1,South,Silver
215573,41,7,22,11237.22,7,0.16,7.7,West,Silver
209554,36,7,26,2725.85,5,0.12,8.0,West,Gold
429726,2,9,18,10405.01,5,0.16,9.8,East,Silver
213015,83,20,20,6501.93,9,0.12,8.3,East,Gold
259617,74,9,19,13948.31,4,0.14,11.7,North,Gold
1953528,49,14,16,7127.57,1,0.32,5.5,East,Silver
2372347,67,18,24,754.27,5,0.12,0.6,West,Gold
1631323,53,14,19,7365.83,5,0.33,4.7,East,Gold
2248411,19,12,21,11993.83,5,0.23,10.1,North,Silver
1932853,26,10,20,9812.14,7,0.31,1.6,West,Silver
974726,54,11,33,14504.83,8,0.37,8.8,East,Platinum
1463298,51,10,20,12696.11,7,0.06,6.4,South,Silver
337715,25,13,22,8040.31,9,0.14,10.8,South,Silver
1261845,17,10,28,3335.85,4,0.02,8.8,South,Gold
1529078,74,11,21,355.49,6,0.16,7.9,South,Gold
692069,61,14,23,14713.39,7,0.09,10.6,North,Gold
721579,46,10,19,14093.3,4,0.23,10.9,South,Platinum
2381009,55,11,17,4329.92,7,0.31,4.6,South,Silver
1641995,50,13,11,9681.77,5,0.19,11.1,East,Gold
392830,75,15,11,11019.82,5,0.13,0.7,South,Platinum
1612612,11,15,21,8796.8,3,0.06,9.2,South,Gold
2353387,12,14,24,12691.54,5,0.01,4.0,East,Gold
497448,40,15,17,1444.02,4,0.27,5.8,West,Silver
484316,48,11,18,13478.46,1,0.01,10.0,North,Silver
798122,56,10,29,6062.68,8,0.37,7.6,North,Gold
1072163,8,17,24,7366.14,8,0.24,5.5,West,Platinum
769145,88,13,15,6837.58,3,0.14,2.0,East,Silver
821062,14,15,15,8109.91,4,0.02,11.3,West,Silver
894102,87,9,24,9093.08,6,0.17,4.0,North,Platinum
2235706,56,8,25,10742.05,5,0.35,1.2,North,Silver
2340479,54,8,15,8016.62,5,0.39,6.8,West,Gold
1388900,100,6,17,10366.17,6,0.03,4.9,South,Silver
2070322,17,9,26,5272.97,3,0.31,7.1,North,Silver
2497496,45,13,27,14069.21,9,0.1,2.8,West,Silver
2096118,5,9,24,1248.61,5,0.15,4.5,South,Silver
2167752,3,9,21,8319.45,5,0.22,11.7,South,Gold
985291,9,9,14,1584.72,3,0.4,11.2,East,Silver
739610,84,12,20,6808.68,2,0.08,10.4,West,Silver
604407,20,9,32,4086.46,2,0.05,9.3,North,Silver
2203161,83,11,18,14072.48,7,0.24,1.9,East,Silver
1048057,21,14,19,492.21,5,0.34,5.6,North,Platinum
2276028,80,14,17,6050.69,9,0.26,8.7,South,Silver
1828368,33,8,21,11796.03,3,0.14,3.1,West,Silver
1035671,5,16,24,3070.38,7,0.39,0.4,South,Silver
1960234,24,7,12,12289.15,7,0.4,5.0,South,Silver
1756399,63,10,17,12937.96,6,0.31,5.1,South,Gold
566727,79,13,19,10707.64,5,0.32,0.8,West,Gold
1476697,26,14,16,3373.32,9,0.3,3.8,East,Gold
761306,89,10,14,4298.97,5,0.1,11.0,North,Gold
383758,92,15,14,2753.94,5,0.06,3.0,South,Silver
1317350,33,16,15,3005.74,3,0.22,6.8,North,Silver
1912449,18,8,11,836.44,5,0.38,5.9,North,Gold
532616,18,5,19,12902.53,4,0.35,10.3,East,Gold
721777,38,8,23,8068.98,5,0.04,7.8,West,Gold
1496895,33,19,15,5118.06,2,0.02,1.9,North,Silver
791392,27,12,19,4556.78,6,0.35,1.7,East,Silver
1357394,49,11,18,8307.04,4,0.25,6.7,North,Gold
820684,50,9,25,5102.27,2,0.12,0.6,South,Silver
902175,15,12,17,12996.65,4,0.22,4.7,East,Gold
1777584,77,14,18,3401.07,2,0.09,4.8,West,Silver
765013,52,10,22,13269.84,5,0.38,2.4,West,Platinum
1030355,98,8,36,10062.16,4,0.33,3.6,South,Platinum
2240160,68,6,13,14362.45,3,0.38,4.0,South,Gold
2065037,99,6,27,522.08,4,0.07,0.1,North,Gold
1013017,19,8,14,1168.7,6,0.34,9.7,East,Gold
879258,95,15,24,7663.15,5,0.22,11.5,East,Gold
2058457,25,14,19,13711.97,4,0.13,3.5,East,Platinum
599953,76,10,20,11042.69,4,0.19,1.3,East,Silver
235308,76,11,14,9445.4,6,0.38,11.4,North,Silver
678955,25,15,24,764.55,4,0.28,8.9,East,Platinum
1634094,33,10,23,5506.21,4,0.14,10.7,East,Gold
1043607,60,11,26,5384.04,5,0.4,4.3,West,Gold
1405096,37,14,16,8268.66,8,0.14,5.8,West,Platinum
1137212,92,14,21,4090.07,5,0.33,11.2,North,Platinum
1068981,43,11,21,4227.19,7,0.31,5.5,South,Silver
858346,9,8,24,9426.65,8,0.29,8.1,West,Gold
978269,14,11,15,14185.14,4,0.27,8.5,South,Gold
1633487,3,9,26,10004.63,3,0.04,10.0,North,Gold
252934,69,15,23,10121.51,3,0.4,11.7,West,Silver
582238,56,7,21,14797.36,5,0.06,4.0,West,Silver
2415308,26,20,14,2556.13,2,0.24,3.0,North,Silver
1599784,53,15,14,797.37,6,0.1,0.9,East,Silver
2023899,41,22,18,11259.06,7,0.07,10.3,North,Silver
688830,82,15,27,6750.18,7,0.22,3.5,South,Silver
1811499,21,10,20,6603.7,2,0.33,0.6,South,Gold
1402548,39,8,20,3611.96,5,0.15,10.4,East,Silver
761682,80,10,21,7750.89,6,0.03,6.1,North,Silver
1283606,23,8,20,6799.93,5,0.25,10.1,North,Silver
2193637,93,15,19,5378.12,3,0.31,6.7,East,Gold
1679800,74,14,16,6808.35,4,0.12,3.8,North,Silver
635033,58,14,18,5942.37,4,0.28,1.6,West,Silver
1726204,69,13,29,14116.48,3,0.03,5.2,North,Silver
404819,75,16,24,14709.7,7,0.14,0.3,West,Gold
258724,29,11,30,12646.54,5,0.19,7.2,North,Silver
1825379,62,18,17,14859.09,7,0.31,5.1,West,Silver
879644,53,13,22,4206.08,5,0.14,1.7,South,Gold
1470640,45,12,24,12691.0,2,0.18,6.4,East,Silver
653668,27,20,21,6277.45,4,0.25,9.6,South,Platinum
571604,34,8,21,11268.21,4,0.25,11.7,West,Platinum
1330075,14,18,16,3260.47,2,0.21,6.3,East,Silver
1666811,41,12,18,12235.75,6,0.13,1.6,South,Gold
480570,74,13,14,1526.93,4,0.27,9.7,South,Silver
623399,60,13,19,4277.2,6,0.33,8.3,West,Silver
2303547,42,13,27,12382.7,4,0.06,11.4,North,Platinum
1479698,51,10,16,11283.24,2,0.14,6.4,North,Silver
1515870,75,10,19,7668.33,4,0.27,4.3,West,Silver
2346724,11,14,15,10190.05,1,0.3,11.6,South,Platinum
2381180,35,17,24,3027.94,9,0.31,6.5,North,Silver
2351649,19,13,17,10116.13,2,0.26,0.2,North,Silver
1350876,88,8,23,417.25,5,0.19,5.7,South,Silver
2319618,65,14,15,12548.27,6,0.26,0.0,West,Gold
1782414,76,7,23,7889.43,5,0.05,8.9,West,Silver
515206,61,9,18,14175.01,4,0.08,6.8,North,Gold
235394,47,16,19,7329.01,3,0.37,1.3,West,Platinum
653247,14,11,17,6666.38,7,0.37,9.8,South,Gold
1441198,67,13,19,6915.78,2,0.29,6.4,West,Silver
1085226,52,11,20,5588.01,0,0.13,1.4,East,Platinum
1389135,32,7,16,2750.12,5,0.26,1.9,West,Gold
1303660,80,9,24,12678.32,4,0.28,9.9,West,Gold
2110817,10,10,15,6019.56,3,0.21,4.3,West,Silver
2459155,17,5,20,8077.89,3,0.3,9.9,East,Silver
547435,40,8,19,592.34,7,0.01,0.8,South,Silver
2376372,68,11,20,1185.73,6,0.1,2.9,West,Gold
423356,63,15,18,9078.59,5,0.32,9.2,North,Silver
844813,15,9,20,13224.65,4,0.38,7.7,West,Silver
1932265,97,18,20,7552.92,4,0.35,3.7,East,Silver
1089725,39,12,18,2725.13,6,0.29,11.2,East,Silver
1312394,57,11,22,2007.07,6,0.07,2.5,North,Silver
957044,10,10,20,13526.88,3,0.15,10.2,East,Silver
1421019,71,14,14,10614.08,3,0.02,8.3,East,Gold
2468465,97,17,28,14503.07,3,0.26,1.5,East,Gold
201676,17,11,19,1510.52,1,0.18,6.7,South,Gold
306094,76,13,14,13568.41,6,0.23,11.2,East,Silver
598498,17,11,19,12730.79,5,0.39,7.4,West,Silver
1759191,16,9,14,13429.82,6,0.16,6.3,North,Silver
2489527,78,8,26,384.72,3,0.12,4.4,West,Silver
999808,3,8,20,11205.98,4,0.06,9.5,West,Platinum
2231209,51,11,22,8369.39,6,0.06,11.0,North,Silver
2306583,94,10,21,8725.74,8,0.21,9.0,South,Gold
1019802,46,12,17,7197.27,5,0.3,8.7,South,Silver
1905873,55,14,18,11217.35,1,0.23,2.3,East,Gold
1207545,99,14,26,14997.64,4,0.35,10.0,South,Silver
2140124,26,9,29,10744.91,5,0.13,0.5,South,Gold
606688,76,10,12,10267.34,5,0.24,9.1,East,Silver
1864260,31,6,17,9920.23,4,0.26,2.5,South,Silver
1565374,81,19,18,10519.61,5,0.11,5.8,South,Platinum
1703600,72,10,15,5329.05,10,0.16,8.3,East,Silver
1465315,19,13,11,5007.23,3,0.24,9.1,West,Gold
1466700,90,12,15,11829.77,4,0.01,10.7,West,Silver
2254040,68,11,26,1080.39,10,0.35,3.4,North,Silver
2065601,15,14,18,11460.94,2,0.04,2.7,South,Silver
1621143,58,14,18,12263.47,3,0.02,12.0,East,Gold
2100067,78,14,20,7967.49,3,0.09,2.5,East,Gold
1450443,30,6,9,13679.18,6,0.2,8.0,South,Silver
945746,48,19,23,7254.39,3,0.13,11.4,South,Gold
1030833,56,6,30,2917.87,5,0.18,10.8,East,Silver
2390372,42,9,23,5612.56,11,0.03,5.3,East,Platinum
819648,24,21,22,13616.25,6,0.09,7.7,East,Silver
2023991,52,13,28,14907.95,1,0.04,6.3,North,Silver
2092462,43,15,22,6501.25,7,0.09,4.2,West,Silver
2041967,34,15,26,2752.64,3,0.28,1.7,East,Platinum
2077723,60,7,27,4509.04,3,0.23,9.6,West,Silver
615890,83,16,16,8433.46,4,0.13,1.1,South,Silver
340631,3,14,17,8709.81,5,0.1,7.3,West,Gold
756540,68,11,31,9561.87,5,0.4,7.1,West,Platinum
1118055,11,13,25,12579.69,6,0.31,4.0,West,Silver
1838533,13,19,18,10754.85,7,0.33,1.6,South,Silver
1386255,50,12,22,4134.35,4,0.01,9.6,West,Gold
1156871,82,10,22,6107.15,8,0.02,5.5,West,Silver
672124,19,10,27,12645.3,8,0.29,8.7,North,Silver
696644,44,11,15,9610.73,8,0.08,0.2,South,Gold
823652,33,8,16,2746.35,1,0.17,0.9,West,Gold
1963787,38,12,29,5085.42,6,0.07,2.1,South,Gold
2290982,3,15,21,11929.04,7,0.07,1.4,East,Platinum
1082391,99,22,26,2829.78,0,0.04,2.3,West,Silver
2250665,65,12,14,10458.44,8,0.24,8.2,South,Gold
891298,35,11,19,8583.99,4,0.3,0.6,West,Silver
669671,36,14,23,2467.88,6,0.02,0.5,West,Gold
821504,38,12,26,10426.52,4,0.11,0.4,East,Silver
2150291,39,13,15,2392.53,7,0.26,8.4,North,Platinum
1172473,25,14,19,6157.0,11,0.16,6.4,South,Silver
1509050,64,12,22,4835.83,8,0.28,4.4,West,Silver
1461487,13,10,26,10443.15,10,0.3,8.1,East,Silver
693798,68,8,28,11800.73,4,0.01,6.6,East,Platinum
1818684,70,9,13,2774.25,4,0.15,0.1,North,Platinum
2395387,75,16,23,12236.35,5,0.29,10.1,North,Platinum
888578,1,12,25,406.05,7,0.15,4.2,East,Gold
1258566,72,15,19,8091.86,3,0.0,4.8,East,Silver
2309930,54,8,18,7896.8,6,0.13,9.4,South,Silver
1157644,98,14,18,9470.18,5,0.35,2.2,South,Silver
1610916,9,13,27,3823.6,5,0.38,0.1,East,Gold
1336024,36,13,28,444.9,4,0.22,10.9,East,Silver
2235424,37,14,17,6985.01,3,0.12,6.1,North,Gold
316445,59,11,19,1349.67,5,0.19,4.2,South,Silver
2195020,21,15,27,13415.25,7,0.09,9.8,East,Gold
1992892,20,4,21,2852.89,3,0.07,0.3,South,Platinum
979140,1,12,19,6550.92,3,0.2,2.4,South,Gold
644733,99,8,17,6679.81,5,0.29,1.9,East,Platinum
1736384,59,14,28,8427.11,2,0.09,8.9,East,Silver
2364297,28,11,25,11803.23,5,0.36,3.7,West,Silver
2195377,71,11,34,7240.58,4,0.07,9.3,South,Platinum
883226,56,21,21,678.57,2,0.22,0.5,South,Silver
1370485,9,10,25,11635.32,3,0.31,7.3,North,Silver
1020423,65,14,19,1507.95,6,0.09,3.8,North,Silver
1774771,36,7,17,9730.83,8,0.12,2.2,North,Gold
1062911,98,9,18,12110.41,9,0.02,9.8,South,Gold
965825,34,9,13,4455.55,5,0.38,4.9,East,Silver
1566320,81,9,25,6901.87,5,0.19,6.9,East,Platinum
1764446,32,9,21,510.74,3,0.03,0.4,East,Platinum
1492015,66,10,14,12116.97,6,0.33,9.5,South,Silver
1045044,100,16,16,10637.94,4,0.23,3.4,East,Gold
275475,25,14,20,3701.39,4,0.02,8.3,North,Platinum
295490,51,9,30,6036.33,5,0.18,9.1,East,Silver
1576993,63,13,22,10521.15,2,0.17,1.4,East,Silver
1334932,90,12,23,5565.0,6,0.06,3.6,North,Silver
1497315,45,11,22,2687.5,3,0.17,8.7,West,Gold
2329719,26,14,25,7922.03,7,0.11,2.8,West,Silver
726274,21,16,23,10936.44,2,0.28,10.2,West,Gold
2002586,82,10,26,5015.9,8,0.0,3.7,South,Gold
1811457,93,20,19,2090.05,7,0.04,4.8,South,Silver
496127,51,10,22,12494.3,4,0.37,1.2,North,Silver
2409346,24,12,13,4016.19,2,0.17,1.8,West,Silver
702480,92,9,22,7838.38,2,0.07,3.3,South,Silver
1764525,12,10,23,10462.74,10,0.32,0.6,East,Silver
2198069,11,13,24,4961.01,5,0.34,2.3,West,Silver
560692,27,9,19,9834.96,5,0.08,4.9,West,Gold
325605,23,15,20,7057.73,3,0.29,4.6,South,Silver
722962,33,15,21,8685.42,5,0.25,2.4,West,Gold
1772996,80,14,19,8981.47,5,0.3,1.0,North,Silver
346628,92,15,21,12415.02,4,0.32,3.8,North,Gold
526541,92,10,21,9948.0,7,0.26,8.9,South,Gold
1963376,38,16,21,4185.31,2,0.38,6.1,West,Silver
1151359,55,12,24,1176.18,7,0.35,11.4,North,Silver
442791,70,15,17,329.19,6,0.09,1.7,West,Gold
416994,42,9,19,13594.94,1,0.37,2.5,North,Gold
2114372,29,13,15,14149.02,7,0.14,3.4,North,Silver
528574,34,17,21,1683.44,4,0.29,0.2,West,Gold
463409,57,9,16,7459.69,4,0.34,11.3,South,Silver
1926743,3,13,19,2528.45,1,0.17,5.3,South,Silver
1476327,6,16,20,14246.61,5,0.02,5.8,South,Silver
2484540,48,9,17,3928.44,5,0.38,1.9,West,Gold
1606668,64,6,23,7674.21,5,0.03,10.5,West,Gold
1420921,13,7,24,2734.62,7,0.14,8.3,West,Gold
779072,36,12,19,5191.59,3,0.24,5.2,South,Platinum
1485286,79,18,17,4222.05,7,0.05,10.5,West,Silver
1735369,70,25,15,7288.76,1,0.34,10.9,South,Platinum
452673,33,11,29,6470.79,4,0.08,0.6,North,Gold
2441598,76,11,15,5162.73,6,0.39,1.4,South,Silver
1818980,57,12,14,1856.4,3,0.37,0.3,South,Platinum
259133,55,15,19,7421.96,3,0.24,7.0,East,Gold
722582,13,15,23,12798.06,3,0.26,2.6,East,Silver
1248399,97,11,23,11034.28,3,0.21,10.1,South,Silver
1914591,51,10,13,10892.45,6,0.16,5.6,East,Gold
1648202,92,10,21,5681.55,3,0.14,10.1,West,Silver
1702180,53,11,30,10713.76,5,0.36,6.7,East,Silver
1490983,36,11,18,7143.31,8,0.23,9.6,East,Platinum
364750,5,17,13,2509.06,4,0.33,4.5,East,Silver
1046383,25,7,28,6460.03,5,0.21,11.3,South,Silver
1209361,81,10,23,2251.26,2,0.12,8.0,North,Platinum
1660299,37,9,17,1982.9,3,0.04,7.1,North,Silver
2156152,19,16,22,638.97,7,0.13,4.2,North,Silver
1326975,35,16,13,4457.96,8,0.35,11.2,North,Gold
1620981,34,11,20,5163.86,5,0.28,4.1,North,Silver
1971087,54,6,20,10581.82,5,0.31,10.0,North,Platinum
292874,46,12,24,8208.67,4,0.31,4.9,South,Silver
527590,6,12,12,12919.21,5,0.05,9.2,West,Gold
1554359,83,12,16,2894.12,2,0.06,10.9,West,Silver
208014,1,6,22,4209.56,8,0.13,5.6,North,Silver
958683,71,10,18,14133.82,5,0.12,6.3,East,Silver
2489955,34,11,23,6827.47,1,0.03,4.0,East,Silver
898421,56,21,20,11899.05,5,0.06,0.7,South,Gold
678805,83,19,16,7534.86,6,0.34,7.8,North,Gold
1922844,97,16,17,7224.96,5,0.24,1.4,North,Gold
359765,26,17,21,2477.31,6,0.14,4.2,East,Silver
2124426,42,12,21,12812.63,10,0.21,4.2,North,Silver
2179683,91,11,17,1451.82,4,0.1,1.8,North,Silver
1922281,38,13,21,4860.84,7,0.23,8.0,East,Silver
1271263,26,9,16,10199.98,4,0.03,2.1,West,Silver
1540301,99,17,28,7756.69,6,0.36,9.3,West,Silver
2054636,59,13,12,13256.26,1,0.1,3.0,South,Silver
870038,84,14,19,877.68,5,0.33,3.4,East,Gold
659966,24,11,20,9846.29,3,0.26,4.1,South,Gold
1792874,21,13,16,7318.74,7,0.21,1.8,North,Silver
2355285,60,7,15,2568.38,7,0.37,5.2,East,Silver
1487510,90,14,24,11225.8,4,0.06,1.0,West,Gold
1813507,20,17,26,6346.21,5,0.05,5.1,North,Platinum
2132108,6,4,21,8114.25,7,0.13,4.1,West,Silver
1164191,67,13,25,14518.81,5,0.33,4.1,West,Gold
2476217,10,16,27,7447.58,1,0.01,7.9,South,Gold
452572,12,11,18,12403.58,6,0.1,9.2,East,Gold
703335,97,9,24,11612.79,8,0.17,4.3,East,Platinum
265708,22,13,21,10042.49,6,0.29,3.1,East,Platinum
455369,62,12,21,13483.14,3,0.12,5.9,South,Silver
1866508,61,12,18,3998.54,7,0.18,9.5,West,Gold
2434487,80,15,24,12365.34,7,0.13,7.7,South,Gold
1531472,17,14,22,5853.48,2,0.04,0.5,East,Silver
998053,10,14,17,12243.62,5,0.3,5.8,North,Gold
242369,12,14,19,7558.69,7,0.18,11.9,East,Platinum
796880,83,9,25,12908.33,5,0.33,4.2,East,Gold
1570987,40,18,19,13454.2,6,0.28,5.3,West,Platinum
1859737,23,14,21,9085.36,2,0.02,3.4,East,Gold
1000677,40,10,18,7762.12,8,0.2,6.0,East,Silver
1543396,74,10,19,11814.22,6,0.4,1.9,West,Gold
1362558,74,17,27,4224.7,5,0.12,3.0,East,Gold
1707588,50,11,15,525.63,7,0.2,8.5,East,Silver
332424,10,15,10,6284.29,7,0.26,1.7,West,Gold
2040251,94,9,25,7764.28,5,0.08,11.1,North,Gold
1424981,4,9,18,4669.76,7,0.28,3.7,West,Gold
259484,1,25,10,5935.42,6,0.26,6.9,East,Silver
1560694,43,8,13,2255.96,8,0.15,3.9,South,Silver
2131391,83,10,19,4376.16,8,0.11,5.7,North,Gold
940100,5,8,15,3829.4,9,0.37,10.8,West,Silver
2362854,94,14,19,4724.51,7,0.05,0.8,North,Silver
2183519,90,7,22,4696.1,0,0.17,10.3,North,Gold
666761,34,5,21,8516.84,5,0.31,6.7,South,Platinum
531687,66,11,16,3983.78,8,0.06,8.0,South,Silver
1834916,24,15,25,14132.13,1,0.37,0.7,South,Platinum
865083,14,10,23,7815.74,4,0.21,9.1,East,Gold
1080072,41,11,21,2195.8,4,0.2,1.5,West,Silver
1313759,42,11,18,4410.21,1,0.17,11.6,East,Gold
345662,13,10,17,11027.44,5,0.35,9.6,West,Gold
1293578,29,13,25,500.79,3,0.38,5.9,East,Platinum
